  {
    "header": "سیاسی",
    "links": [
      {
        "link": "/fa/news/1171/وزیر-بهداشت-نیامدم-جیب-پزشکان-لوکس‌نشین-را-پُر-کنم",
        "title": "وزیر بهداشت: نیامدم جیب پزشکان لوکس‌نشین را پُر کنم",
        "img": "/files/fa/news/1398/8/21/5059_674.jpg"
      },
      {
        "link": "/fa/news/704/جزئیات-جالب-رأی-محکومیت-یاشار-سلطانی-سرپل-ماجرا-کیست",
        "title": "جزئیات جالب رأی محکومیت یاشار سلطانی/ سرپل ماجرا کیست؟",
        "img": ""
      }
    ]
  }