
  {
    "header": "گفتگو",
    "links": [
      {
        "img": "/files/fa/news/1398/8/27/5094_337.jpg",
        "link": "/fa/news/1181/بررسی-کمبودهای-دارویی-و-تجهیزات-پزشکی-در-بیمارستان-ها",
        "title": ""
      },
      {
        "img": "/files/fa/news/1397/10/28/2679_626.jpg",
        "link": "/fa/news/593/ابلاغ-دستورالعمل-رتبه-بندی-مسئولین-فنی-تجهیزات-پزشکی",
        "title": ""
      }
    ]
  }