[
  {
    "titr": "ساخت دستگاه برش لیزری پنج محور در کشور",
    "link": "/fa/news/1185/ساخت-دستگاه-برش-لیزری-پنج-محور-در-کشور",
    "img": "/files/fa/news/1398/9/3/5165_972.jpg"
  },
  {
    "titr": "روش های موثر و بی تاثیر برای درمان سرماخوردگی",
    "link": "/fa/news/1172/روش-های-موثر-و-بی-تاثیر-برای-درمان-سرماخوردگی",
    "img": "/files/fa/news/1398/9/3/5136_699.jpg"
  },
  {
    "titr": "10 مورد از رایج ترین مشکلات دندان",
    "link": "/fa/news/1167/10-مورد-از-رایج-ترین-مشکلات-دندان",
    "img": "/files/fa/news/1398/8/29/5119_954.jpg"
  },
  {
    "titr": "دیابت با سرعت غیرقابل تصوری در حال شیوع است/ دارو در تیررس تحریم‌های آمریکا",
    "link": "/fa/news/1165/دیابت-با-سرعت-غیرقابل-تصوری-در-حال-شیوع-است-دارو-در-تیررس-تحریم‌های-آمریکا",
    "img": "/files/fa/news/1398/8/28/5109_769.jpg"
  }
]