{
  "header": "تازه های پزشکی",
  "links": [
    {
      "link": "/fa/news/841/کسب-دانش-فنی-۱۰داروی-جدید-بیوتکنولوژیجایگاه-دوم-آسیا-بعد-از-ژاپن",
      "title": "کسب دانش فنی ۱۰داروی جدید بیوتکنولوژی/جایگاه دوم آسیا بعد از ژاپن"
    },
    {
      "link": "/fa/news/818/تولید-بافت-چشم-با-استفاده-از-سلول-های-بنیادی",
      "title": "تولید بافت چشم با استفاده از سلول های بنیادی"
    },
    {
      "link": "/fa/news/789/سیستم-جدید-هوش-مصنوعی-علائم-مغزی-را-به-سخنرانی-مبدل-می-کند",
      "title": "سیستم جدید هوش مصنوعی علائم مغزی را به سخنرانی مبدل می کند"
    }
  ]
}