{
  "header": "اجتماعی",
  "links": [
    {
      "link": "/fa/news/1220/ثبت-تولد-نوزاد-مهلت-قانونی",
      "title": "ثبت تولد نوزاد، مهلت قانونی",
      "img": "/files/fa/news/1398/9/4/5184_445.jpg"
    },
    {
      "link": "/fa/news/557/تامین-اجتماعی-برای-پرداخت-عیدی-بازنشستگان-مشکلی-ندارد",
      "title": "تامین اجتماعی برای پرداخت عیدی بازنشستگان مشکلی ندارد",
      "img": ""
    }
  ]
}