{
    "header": "محیط زیست",
    "links": [
      {
        "link": "/fa/news/821/کشف-میکروپلاستیک-در-بدن-تمام-پستانداران-دریایی",
        "title": "کشف میکروپلاستیک در بدن تمام پستانداران دریایی"
      },
      {
        "link": "/fa/news/673/خط-قرمز-وزارت-بهداشت-درباره-آبیاری-زمین‌های-کشاورزی",
        "title": "خط قرمز وزارت بهداشت درباره آبیاری زمین‌های کشاورزی"
      },
      {
        "link": "/fa/news/629/دریاچه-ارومیه-ماندگار-می‌شود",
        "title": "دریاچه ارومیه ماندگار می‌شود؟"
      }
    ]
  }