
  {
    "header": "بین الملل",
    "links": [
      {
        "link": "/fa/news/1193/اطلاعات-جدید-از-مرموزترین-هواپیمای-جهان",
        "title": "اطلاعات جدید از مرموزترین هواپیمای جهان",
        "img": "/files/fa/news/1398/8/29/5115_142.jpg"
      },
      {
        "link": "/fa/news/1180/هشدار-یونیسف-کودکان-امروز-در-معرض-تهدیدهای-نوظهور",
        "title": "هشدار یونیسف: کودکان امروز در معرض تهدیدهای نوظهور",
        "img": ""
      }
    ]
  }