[
  {
    "rutitr": "",
    "titr": "مصرف ویتامین C از ابتلا به آنفولانزا پیشگیری نمی‌کند",
    "link": "/fa/news/1196/مصرف-ویتامین-c-از-ابتلا-به-آنفولانزا-پیشگیری-نمی‌کند",
    "subtitle": "بسیاری از افراد برای پیشگیری از سرماخوردگی و آنفلوآنزای قریب‌الوقوع انواع داروهای بدون نسخه، گیاهان دارویی و پودرهای ویتامین C را استفاده می‌کنند اما به گفته متخصصان آمریکایی، این ویتامین تنها طول دوره بیماری‌های فصلی را کاهش می‌دهد و نقشی در جلوگیری از بروز آنها ندارد.",
    "img": "/files/fa/news/1398/8/29/5118_102.jpg"
  },
  {
    "rutitr": "در گفت‌وگو با خبرنگاران جوان مطرح شد؛",
    "titr": "",
    "link": "/fa/news/1188/دارویی-که-قاتل-میکروب‌های-مفید-بدنتان-است",
    "subtitle": "یک متخصص داخلی درخصوص استفاده خودسرانه برخی داروها و عوارض ناشی از آن برای سلامت بدن توضیح داد.",
    "img": "/files/fa/news/1398/8/28/5108_726.jpg"
  },
  {
    "rutitr": "از مشاوره ازدواج نترسید:",
    "titr": "زوجین به چه دلایلی به مشاوره ازدواج می روند؟",
    "link": "/fa/news/1213/زوجین-به-چه-دلایلی-به-مشاوره-ازدواج-می-روند",
    "subtitle": "چه یک ماه باشد که ازدواج کرده باشید چه ده سال، بهتر است بدانید که همه زوج ها می توانند از کمک یک مشاور زوجین بهره ببرند. در جلسات مشاوره ازدواج می توانید بیاموزید که چطور با همسرتان ارتباط برقرار کنید و ترک های رابطه را بپوشانید. مشاوره ازدواج می تواند در زمان بروز مشکلات به زوجین کمک کند.",
    "img": "/files/fa/news/1398/9/3/5164_602.jpg"
  },
  {
    "rutitr": "همه چیز درمورد بوتاکس:",
    "titr": "چقدر با بوتاکس، مزایا و خطرات آن آشنایی دارید؟",
    "link": "/fa/news/1201/چقدر-با-بوتاکس-مزایا-و-خطرات-آن-آشنایی-دارید",
    "subtitle": "تزریق بوتاکس بهترین روش برای پر کردن چروک های عمیق پوستی است و تاثیر بسیار زیادی هم در این راستا دارد. شایعات و اطلاعات عمومی زیادی در مورد تزریق بوتاکس وجود دارد که می توانید از این و آن بشنوید، اما چند درصد این صحبت ها واقعیت دارند؟",
    "img": "/files/fa/news/1398/9/3/5135_637.jpg"
  },
  {
    "rutitr": "",
    "titr": "مصرف ویتامین C از ابتلا به آنفولانزا پیشگیری نمی‌کند",
    "link": "/fa/news/1196/مصرف-ویتامین-c-از-ابتلا-به-آنفولانزا-پیشگیری-نمی‌کند",
    "subtitle": "بسیاری از افراد برای پیشگیری از سرماخوردگی و آنفلوآنزای قریب‌الوقوع انواع داروهای بدون نسخه، گیاهان دارویی و پودرهای ویتامین C را استفاده می‌کنند اما به گفته متخصصان آمریکایی، این ویتامین تنها طول دوره بیماری‌های فصلی را کاهش می‌دهد و نقشی در جلوگیری از بروز آنها ندارد.",
    "img": "/files/fa/news/1398/8/29/5118_102.jpg"
  },
  {
    "rutitr": "در گفت‌وگو با خبرنگاران جوان مطرح شد؛",
    "titr": "",
    "link": "/fa/news/1188/دارویی-که-قاتل-میکروب‌های-مفید-بدنتان-است",
    "subtitle": "یک متخصص داخلی درخصوص استفاده خودسرانه برخی داروها و عوارض ناشی از آن برای سلامت بدن توضیح داد.",
    "img": "/files/fa/news/1398/8/28/5108_726.jpg"
  },
  {
    "rutitr": "از مشاوره ازدواج نترسید:",
    "titr": "زوجین به چه دلایلی به مشاوره ازدواج می روند؟",
    "link": "/fa/news/1213/زوجین-به-چه-دلایلی-به-مشاوره-ازدواج-می-روند",
    "subtitle": "چه یک ماه باشد که ازدواج کرده باشید چه ده سال، بهتر است بدانید که همه زوج ها می توانند از کمک یک مشاور زوجین بهره ببرند. در جلسات مشاوره ازدواج می توانید بیاموزید که چطور با همسرتان ارتباط برقرار کنید و ترک های رابطه را بپوشانید. مشاوره ازدواج می تواند در زمان بروز مشکلات به زوجین کمک کند.",
    "img": "/files/fa/news/1398/9/3/5164_602.jpg"
  },
  {
    "rutitr": "همه چیز درمورد بوتاکس:",
    "titr": "چقدر با بوتاکس، مزایا و خطرات آن آشنایی دارید؟",
    "link": "/fa/news/1201/چقدر-با-بوتاکس-مزایا-و-خطرات-آن-آشنایی-دارید",
    "subtitle": "تزریق بوتاکس بهترین روش برای پر کردن چروک های عمیق پوستی است و تاثیر بسیار زیادی هم در این راستا دارد. شایعات و اطلاعات عمومی زیادی در مورد تزریق بوتاکس وجود دارد که می توانید از این و آن بشنوید، اما چند درصد این صحبت ها واقعیت دارند؟",
    "img": "/files/fa/news/1398/9/3/5135_637.jpg"
  }
]