{
    "header": "بهداشت و درمان",
    "links": [
      {
        "link": "/fa/news/962/۲۰-درصد-ایرانی‌ها-از-آلرژی-فصلی-رنج-می‌برند",
        "title": "۲۰ درصد ایرانی‌ها از آلرژی فصلی رنج می‌برند"
      },
      {
        "link": "/fa/news/954/حفاظت-از-خط-قرمز-جامعه-پزشکی-نیازمند-پالایش-درونی-هستیم",
        "title": "حفاظت از خط قرمز جامعه پزشکی/ نیازمند پالایش درونی هستیم"
      },
      {
        "link": "/fa/news/861/روند-اهداي-عضو-در-18-سال-گذشته-60-برابر-شده-است",
        "title": "روند اهداي عضو در 18 سال گذشته 60 برابر شده است"
      },
      {
        "link": "/fa/news/788/۶-داروی-جدید-برای-درمان-سرطان-رونمایی-می-شود",
        "title": "۶ داروی جدید برای درمان سرطان رونمایی می شود"
      }

    ]
}
