[
  {
    "titr": "سکته‌های قلبی در کمین بیماران دچار اختلال خواب",
    "link": "/fa/news/148/سکته‌های-قلبی-در-کمین-بیماران-دچار-اختلال-خواب"
  },
  {
    "titr": "برای کنترل فشارخون به دکتر نیازی نیست!",
    "link": "/fa/news/1147/برای-کنترل-فشارخون-به-دکتر-نیازی-نیست"
  },
  {
    "titr": "آیا دستگاه های خانگی لیزر موهای زائد مفیدند؟",
    "link": "/fa/news/1150/آیا-دستگاه-های-خانگی-لیزر-موهای-زائد-مفیدند"
  },
  {
    "titr": "درمان بواسیر با طب سنتی",
    "link": "/fa/news/1146/درمان-بواسیر-با-طب-سنتی"
  }
]