[
  {
    "rutitr": "با قیمت ۲۸۵ هزار دلار؛",
    "titr": "آمازون اتاق هوشمند بیمارستانی می فروشد",
    "link": "/fa/news/710/آمازون-اتاق-هوشمند-بیمارستانی-می-فروشد",
    "subtitle": "این روزها شما می توانید تقریبا هرچیزی را در سایت شرکت آمازون خریداری کنید و اتاق بیمارستانی هوشمند تازه ترین محصولی است که توسط این شرکت به فروش می رسد.",
    "img": "/files/fa/news/1398/9/4/5185_803.jpg"
  },
  {
    "rutitr": "با دستاورد پژوهشگران داخلی محقق شد",
    "titr": "جلوگیری از خونریزی در مدت ۱۰ ثانیه",
    "link": "/fa/news/1217/جلوگیری-از-خونریزی-در-مدت-۱۰-ثانیه",
    "subtitle": "",
    "img": "/files/fa/news/1398/9/4/5177_352.jpg"
  },
  {
    "rutitr": "با صدور اطلاعیه ای اعلام شد؛",
    "titr": "کاهش ذخایر خون در فصل سرما/درخواست از هموطنان",
    "link": "/fa/news/1216/کاهش-ذخایر-خون-در-فصل-سرمادرخواست-از-هموطنان",
    "subtitle": "سازمان انتقال خون ایران در اطلاعیه ای از هموطنان خواست تا برای اهدای خون در فصل سرما اقدام نمایند.",
    "img": "/files/fa/news/1398/9/4/5175_979.jpg"
  },
  {
    "rutitr": "",
    "titr": "نکاتی که در روز‌های آلوده باید آویزه گوشتان کنید",
    "link": "/fa/news/1215/نکاتی-که-در-روز‌های-آلوده-باید-آویزه-گوشتان-کنید",
    "subtitle": "بهترین راهکار هنگام آلودگی هوا کاهش زمان مواجهه با ریزگردهاست همچنین با مصرف برخی مواد غذایی می‌توان اثرهای مخرب ریزگردها را به حداقل رساند.",
    "img": "/files/fa/news/1398/9/4/5173_323.jpg"
  },
  {
    "rutitr": "",
    "titr": "بیماری های شایع مقاربتی، سه مورد مهم",
    "link": "/fa/news/1214/بیماری-های-شایع-مقاربتی-سه-مورد-مهم",
    "subtitle": "بیماری های مقاربتی به عفونت یا بیماریهایی گفته می شوند که از فردی به فرد دیگر طی فعالیت جنسی انتقال می‌یابند.",
    "img": "/files/fa/news/1398/9/4/5168_101.jpg"
  },
  {
    "rutitr": "",
    "titr": "تاثیر برخی آنتی‌بیوتیک‌ها در بروز علائم پارکینسون",
    "link": "/fa/news/1207/تاثیر-برخی-آنتی‌بیوتیک‌ها-در-بروز-علائم-پارکینسون",
    "subtitle": "",
    "img": "/files/fa/news/1398/9/3/5147_144.jpg"
  },
  {
    "rutitr": "",
    "titr": "قرصی که در آینده ۱۰ میلیون نفر را می‌کشد",
    "link": "/fa/news/1205/قرصی-که-در-آینده-۱۰-میلیون-نفر-را-می‌کشد",
    "subtitle": "زمانی که افراد به صورت مکرر و نابجا از آنتی‌بیوتیک‌ها استفاده می‌کنند، عامل افزایش مقاومت در باکتری‌ها بیشتر و منجر به مرگشان می‌شود.",
    "img": "/files/fa/news/1398/9/3/5145_470.jpg"
  },
  {
    "rutitr": "",
    "titr": "علائم بیماری سفلیس، مهمترین موارد",
    "link": "/fa/news/1203/علائم-بیماری-سفلیس-مهمترین-موارد",
    "subtitle": "سفلیس در آمریکا مقام چهارم بیماری واگیر را دارد . در ضمن در آمریکا، در سال ۱۹۷۲ به طور تخمینی ۸۵۰۰۰ مورد جدید بیماری سفلیس گزارش شده است.",
    "img": "/files/fa/news/1398/9/3/5143_767.jpeg"
  },
  {
    "rutitr": "",
    "titr": "نکته بهداشتی: شناخت سرطان پوستی ملانوم",
    "link": "/fa/news/1204/نکته-بهداشتی-شناخت-سرطان-پوستی-ملانوم",
    "subtitle": "",
    "img": "/files/fa/news/1398/9/3/5141_163.jpg"
  },
  {
    "rutitr": "",
    "titr": "ممنوعیت استفاده کودکان از سامانه‌های هوشمند حمل‌ونقل در دنیا",
    "link": "/fa/news/1099/ممنوعیت-استفاده-کودکان-از-سامانه‌های-هوشمند-حمل‌ونقل-در-دنیا",
    "subtitle": "برای استفاده از هر سامانه‌ای باید ابتدا به قوانین و مقررات آن رجوع کنیم و در موردش بیشتر بدانیم.",
    "img": "/files/fa/news/1397/12/18/4849_222.jpg"
  },
  {
    "rutitr": "مدیر سلامت گوش معاونت بهداشت وزارت بهداشت",
    "titr": "علل افزایش ابتلا به کم‌شنوایی در کشور اعلام شد",
    "link": "/fa/news/1079/علل-افزایش-ابتلا-به-کم‌شنوایی-در-کشور-اعلام-شد",
    "subtitle": "مدیر سلامت گوش معاونت بهداشت وزارت بهداشت گفت:‌ کارگرانی که در معرض صداهای بلند قراردارند، همچنین همه افراد بالای ۵۰ سال انجام غربالگری شنوایی در آنها ضرورت دارد.",
    "img": "/files/fa/news/1397/12/18/4847_561.jpg"
  },
  {
    "rutitr": "رئیس انجمن حمایت از بیماران سوخته",
    "titr": "واردات وسایل آتش بازی غیر استاندارد از چین/شایع ترین سوختگی ها",
    "link": "/fa/news/1081/واردات-وسایل-آتش-بازی-غیر-استاندارد-از-چینشایع-ترین-سوختگی-ها",
    "subtitle": "نشست برنامه‌ریزی پویش پیشگیری از سوختگی، با حضور نمایندگان دستگاه‌های مرتبط برگزار شد.",
    "img": "/files/fa/news/1397/12/18/4845_876.jpg"
  },
  {
    "rutitr": "یک روانشناس",
    "titr": "مسایل اقتصادی در پرخاشگری افراد چقدر موثر است؟",
    "link": "/fa/news/1082/مسایل-اقتصادی-در-پرخاشگری-افراد-چقدر-موثر-است",
    "subtitle": "یک روانشناس معتقد است: اینکه گفته شود پول آرامش می آورد درست نیست اما آسایش را می تواند به همراه داشته باشد.",
    "img": "/files/fa/news/1397/12/18/4843_351.jpg"
  },
  {
    "rutitr": "",
    "titr": "۵ علت احتمالی ورم پاها",
    "link": "/fa/news/1084/۵-علت-احتمالی-ورم-پاها",
    "subtitle": "ورم پاها از جمله مشکلاتی است که در صورت خفیف بودن نگران کننده نیست اما در موارد شدیدتر، خوددرمانی توصیه نمی‌شود.",
    "img": "/files/fa/news/1397/12/18/4842_850.jpg"
  },
  {
    "rutitr": "در دانشگاه علوم پزشکی شهیدبهشتی",
    "titr": "جدیدترین روش درمان تومورهای مغزی بدخیم در کشور ابداع شد",
    "link": "/fa/news/1106/جدیدترین-روش-درمان-تومورهای-مغزی-بدخیم-در-کشور-ابداع-شد",
    "subtitle": "روشی نوین برای درمان تومورهای مغزی بدخیم برای نخستین بار در جهان توسط متخصصان جراح مغز و اعصاب و ستون فقرات دانشگاه علوم پزشکی شهید بهشتی ابداع شد.",
    "img": "/files/fa/news/1397/12/16/4836_976.jpg"
  },
  {
    "rutitr": "دبیرکل جمعیت هلال احمر",
    "titr": "هرسال 25 هزار نفر درحوادث دچار ضایعه نخاعی می شوند",
    "link": "/fa/news/1090/هرسال-25-هزار-نفر-درحوادث-دچار-ضایعه-نخاعی-می-شوند",
    "subtitle": "دبیرکل جمعیت هلال احمر با بیان اینکه حوادث و سوانح مختلف سالانه 25 هزار نفر مصدوم ضایعه نخاعی در کشور برجای می گذارد، گفت: هلال احمر برای کمک به این مصدومین برنامه ویژه ای را در دستور کار دارد.",
    "img": "/files/fa/news/1397/12/16/4821_844.jpg"
  },
  {
    "rutitr": "همزمان با روز شنوایی اعلام شد",
    "titr": "رشد روزافزون کم شنوایی ناتوان‌کننده در دنیا/اقدامات ایران برای کنترل این بیماری",
    "link": "/fa/news/1087/رشد-روزافزون-کم-شنوایی-ناتوان‌کننده-در-دنیااقدامات-ایران-برای-کنترل-این-بیماری",
    "subtitle": "مدیر برنامه ملی پیشگیری و کنترل کم شنوایی و ناشنوایی وزارت بهداشت با بیان اینکه آمارهای رسمی منتشر شده حکایت از رشد روز افزون کم شنوایی ناتوان‌کننده طی سال‌های گذشته بخصوص در پنج سال اخیر در دنیا دارد، اقدامات ایران برای پیشگیری و کنترل ناشنوایی ناتوان‌کننده را توضیح داد.",
    "img": "/files/fa/news/1397/12/16/4819_234.jpg"
  },
  {
    "rutitr": "",
    "titr": "در روزهای پایانی سال، اهدای خون را فراموش نکنید",
    "link": "/fa/news/1086/در-روزهای-پایانی-سال-اهدای-خون-را-فراموش-نکنید",
    "subtitle": "مدیرکل انتقال خون استان تهران با اعلام مراجعه ۳۷۸هزار تهرانی برای اهدای خون طی ۱۱ ماه گذشته، گفت: در این میان متاسفانه تنها چهار درصد اهداکنندگان را بانوان تشکیل داده‌اند.",
    "img": "/files/fa/news/1397/12/16/4817_610.jpg"
  },
  {
    "rutitr": "سخنگوی سازمان غذا و دارو مطرح کرد",
    "titr": "شرط درج عنوان «تراریخته» بر روی بسته بندی موادغذایی",
    "link": "/fa/news/1112/شرط-درج-عنوان-تراریخته-بر-روی-بسته-بندی-موادغذایی",
    "subtitle": "سخنگوی سازمان غذا و دارو، درج عنوان «تراریخته» بر روی بسته بندی مواد غذایی که حاوی مواد اولیه با منشأ تراریخته هستند، الزامی دانست.",
    "img": "/files/fa/news/1397/12/16/4808_573.jpg"
  },
  {
    "rutitr": "",
    "titr": "درمان سکته با سلول بنیادی",
    "link": "/fa/news/1089/درمان-سکته-با-سلول-بنیادی",
    "subtitle": "محققان با تحقیقات خود نشان دادند که سلول‌های بنیادی در درمان سکته موثر هستند.",
    "img": "/files/fa/news/1397/12/13/4739_174.jpg"
  },
  {
    "rutitr": "مدیرکل انتقال خون استان تهران:",
    "titr": "آمار ثابت اهدای خون بانوان/ تجمیع آزمایشگاه های انتقال خون",
    "link": "/fa/news/1088/آمار-ثابت-اهدای-خون-بانوان-تجمیع-آزمایشگاه-های-انتقال-خون",
    "subtitle": "مدیرکل انتقال خون استان تهران، از سهم ثابت بانوان در اهدای خون خبر داد و گفت: هنوز ۴ درصد اهدای خون در استان تهران متعلق به بانوان است.",
    "img": "/files/fa/news/1397/12/12/4735_579.jpg"
  }
]