  {
    "header": "اقتصاد",
    "links": [
      {
        "link": "/fa/news/856/فروش-بلیت-قطارهای-نوروزی-تهران-مشهد-از-ساعت-۱۷-فردا-آغاز-می‌شود",
        "title": "فروش بلیت قطارهای نوروزی تهران-مشهد از ساعت ۱۷ فردا آغاز می‌شود"
      },
      {
        "link": "/fa/news/804/فروش-گوشت-تنظیم-بازاری-به-ستاد-مبارزه-با-قاچاق-کالا",
        "title": "فروش گوشت تنظیم بازاری به ستاد مبارزه با قاچاق کالا"
      },
      {
        "link": "/fa/news/783/سایه-شوم-اقتصاد-لیبرال-بر-حمل‌ونقل-هوایی-کشور-آزادسازی-قیمت‌ها-به-ضرر-مردم-تمام-شد",
        "title": "سایه شوم اقتصاد لیبرال بر حمل‌ونقل هوایی کشور/ آزادسازی قیمت‌ها به ضرر مردم تمام شد"
      },
      {
        "link": "/fa/news/757/شماره-گذاری-پژو-پارس-دوگانه-سوز-متوقف-شد",
        "title": "شماره گذاری پژو پارس دوگانه سوز متوقف شد"
      },
      {
        "link": "/fa/news/744/قیمت-لاشه-گوسفند-برای-مصرف-کننده-باید-۶۰-هزارتومان-باشد",
        "title": "قیمت لاشه گوسفند برای مصرف کننده باید ۶۰ هزارتومان باشد"
      },
      {
        "link": "/fa/news/856/فروش-بلیت-قطارهای-نوروزی-تهران-مشهد-از-ساعت-۱۷-فردا-آغاز-می‌شود",
        "title": "فروش بلیت قطارهای نوروزی تهران-مشهد از ساعت ۱۷ فردا آغاز می‌شود"
      },
      {
        "link": "/fa/news/804/فروش-گوشت-تنظیم-بازاری-به-ستاد-مبارزه-با-قاچاق-کالا",
        "title": "فروش گوشت تنظیم بازاری به ستاد مبارزه با قاچاق کالا"
      },
      {
        "link": "/fa/news/783/سایه-شوم-اقتصاد-لیبرال-بر-حمل‌ونقل-هوایی-کشور-آزادسازی-قیمت‌ها-به-ضرر-مردم-تمام-شد",
        "title": "سایه شوم اقتصاد لیبرال بر حمل‌ونقل هوایی کشور/ آزادسازی قیمت‌ها به ضرر مردم تمام شد"
      },
      {
        "link": "/fa/news/757/شماره-گذاری-پژو-پارس-دوگانه-سوز-متوقف-شد",
        "title": "شماره گذاری پژو پارس دوگانه سوز متوقف شد"
      },
      {
        "link": "/fa/news/744/قیمت-لاشه-گوسفند-برای-مصرف-کننده-باید-۶۰-هزارتومان-باشد",
        "title": "قیمت لاشه گوسفند برای مصرف کننده باید ۶۰ هزارتومان باشد"
      },
      {
        "link": "/fa/news/856/فروش-بلیت-قطارهای-نوروزی-تهران-مشهد-از-ساعت-۱۷-فردا-آغاز-می‌شود",
        "title": "فروش بلیت قطارهای نوروزی تهران-مشهد از ساعت ۱۷ فردا آغاز می‌شود"
      },
      {
        "link": "/fa/news/804/فروش-گوشت-تنظیم-بازاری-به-ستاد-مبارزه-با-قاچاق-کالا",
        "title": "فروش گوشت تنظیم بازاری به ستاد مبارزه با قاچاق کالا"
      },
      {
        "link": "/fa/news/783/سایه-شوم-اقتصاد-لیبرال-بر-حمل‌ونقل-هوایی-کشور-آزادسازی-قیمت‌ها-به-ضرر-مردم-تمام-شد",
        "title": "سایه شوم اقتصاد لیبرال بر حمل‌ونقل هوایی کشور/ آزادسازی قیمت‌ها به ضرر مردم تمام شد"
      },
      {
        "link": "/fa/news/757/شماره-گذاری-پژو-پارس-دوگانه-سوز-متوقف-شد",
        "title": "شماره گذاری پژو پارس دوگانه سوز متوقف شد"
      },
      {
        "link": "/fa/news/744/قیمت-لاشه-گوسفند-برای-مصرف-کننده-باید-۶۰-هزارتومان-باشد",
        "title": "قیمت لاشه گوسفند برای مصرف کننده باید ۶۰ هزارتومان باشد"
      }
    ]
  }