
  {
    "header": "آموزش و پرورش و دانشگاه",
    "links": [
      {
        "link": "/fa/news/926/تجربیات-اساتید-زبان-فارسی-خارج-از-کشور-منتشر-می-شود",
        "title": "تجربیات اساتید زبان فارسی خارج از کشور منتشر می شود"
      },
      {
        "link": "/fa/news/912/فرصت-ثبت-نام-در-آزمون-فلوشیپ-پزشکی-تمدید-شد",
        "title": "فرصت ثبت نام در آزمون فلوشیپ پزشکی تمدید شد"
      },
      {
        "link": "/fa/news/723/از-جولان-پزشکان-هندی-تا-ایستادن-بر-قله-پزشکی-دنیا",
        "title": "از جولان پزشکان هندی تا ایستادن بر قله پزشکی دنیا"
      },
      {
        "link": "/fa/news/718/پیشنهاد-دولت-مبنی-بر-واگذاری-دانشگاه‌ها-غیرقانونی-و-غیرکارشناسی-است",
        "title": "پیشنهاد دولت مبنی بر واگذاری دانشگاه‌ها غیرقانونی و غیرکارشناسی است"
      },
      {
        "link": "/fa/news/701/چرا-احکام-استخدام-رسمی-آزمایشی-دانشجومعلمان-به-پیمانی-تغییرکرد",
        "title": "چرا احکام استخدام «رسمی آزمایشی» دانشجومعلمان به «پیمانی» تغییرکرد؟"
      },
      {
        "link": "/fa/news/926/تجربیات-اساتید-زبان-فارسی-خارج-از-کشور-منتشر-می-شود",
        "title": "تجربیات اساتید زبان فارسی خارج از کشور منتشر می شود"
      },
      {
        "link": "/fa/news/912/فرصت-ثبت-نام-در-آزمون-فلوشیپ-پزشکی-تمدید-شد",
        "title": "فرصت ثبت نام در آزمون فلوشیپ پزشکی تمدید شد"
      },
      {
        "link": "/fa/news/723/از-جولان-پزشکان-هندی-تا-ایستادن-بر-قله-پزشکی-دنیا",
        "title": "از جولان پزشکان هندی تا ایستادن بر قله پزشکی دنیا"
      },
      {
        "link": "/fa/news/718/پیشنهاد-دولت-مبنی-بر-واگذاری-دانشگاه‌ها-غیرقانونی-و-غیرکارشناسی-است",
        "title": "پیشنهاد دولت مبنی بر واگذاری دانشگاه‌ها غیرقانونی و غیرکارشناسی است"
      },
      {
        "link": "/fa/news/701/چرا-احکام-استخدام-رسمی-آزمایشی-دانشجومعلمان-به-پیمانی-تغییرکرد",
        "title": "چرا احکام استخدام «رسمی آزمایشی» دانشجومعلمان به «پیمانی» تغییرکرد؟"
      },
      {
        "link": "/fa/news/926/تجربیات-اساتید-زبان-فارسی-خارج-از-کشور-منتشر-می-شود",
        "title": "تجربیات اساتید زبان فارسی خارج از کشور منتشر می شود"
      },
      {
        "link": "/fa/news/912/فرصت-ثبت-نام-در-آزمون-فلوشیپ-پزشکی-تمدید-شد",
        "title": "فرصت ثبت نام در آزمون فلوشیپ پزشکی تمدید شد"
      },
      {
        "link": "/fa/news/723/از-جولان-پزشکان-هندی-تا-ایستادن-بر-قله-پزشکی-دنیا",
        "title": "از جولان پزشکان هندی تا ایستادن بر قله پزشکی دنیا"
      },
      {
        "link": "/fa/news/718/پیشنهاد-دولت-مبنی-بر-واگذاری-دانشگاه‌ها-غیرقانونی-و-غیرکارشناسی-است",
        "title": "پیشنهاد دولت مبنی بر واگذاری دانشگاه‌ها غیرقانونی و غیرکارشناسی است"
      },
      {
        "link": "/fa/news/701/چرا-احکام-استخدام-رسمی-آزمایشی-دانشجومعلمان-به-پیمانی-تغییرکرد",
        "title": "چرا احکام استخدام «رسمی آزمایشی» دانشجومعلمان به «پیمانی» تغییرکرد؟"
      }
    ]
  }
