  {
    "header": "طب",
    "links": [
      {
        "link": "/fa/news/923/تاثیر-مصرف-غذاهای-کنسروشده-در-بارداری-بر-سلامت-باروری-کودک",
        "title": "تاثیر مصرف غذاهای کنسروشده در بارداری بر سلامت باروری کودک"
      },
      {
        "link": "/fa/news/907/روغن-ماهی-به-پیشگیری-از-سقط-جنین-کمک-می-کند",
        "title": "روغن ماهی به پیشگیری از سقط جنین کمک می کند"
      },
      {
        "link": "/fa/news/773/پله-نوردی-سریع-ترین-راه-کاهش-وزن-و-حفظ-سلامت-قلب-و-عروق",
        "title": "«پله نوردی» سریع ترین راه کاهش وزن و حفظ سلامت قلب و عروق"
      }
    ]
  }