
  {
    "header": "کنگره ها",
    "links": [
      {
        "link": "/fa/news/724/خبری-خوش-در-درمان-سکته-مغزی-حاد",
        "title": "خبری خوش در درمان سکته مغزی حاد"
      },
      {
        "link": "/fa/news/716/خبری-خوش-در-درمان-سکته-مغزی-حاد-ارائه-آخرین-پیشرفت‌های-درمان-سکته-مغزی",
        "title": "خبری خوش در درمان سکته مغزی حاد/ ارائه آخرین پیشرفت‌های درمان سکته مغزی"
      },
      {
        "link": "/fa/news/693/سندرم-پیررابین-چه-عارضه-هایی-در-نوزادان-دارد",
        "title": "سندرم «پیررابین» چه عارضه هایی در نوزادان دارد"
      }
    ]
  }
