  {
    "header": "بیمه",
    "links": [
      {
        "link": "/fa/news/980/ضریب-نفوذ-بیمه-زندگی-را-به-۳۵درصد-می‌رسانیم",
        "title": "ضریب نفوذ بیمه زندگی را به ۳.۵درصد می‌رسانیم"
      },
      {
        "link": "/fa/news/644/پول-بیمه‌ها-برای-هزینه-داروی-بیماران-خاص-کافی‌-است",
        "title": "پول بیمه‌ها برای هزینه داروی بیماران خاص کافی‌ است؟"
      },
      {
        "link": "/fa/news/641/مدیرعامل-سازمان-بیمه-سلامت-ایران-ابقا-شد",
        "title": "مدیرعامل سازمان بیمه سلامت ایران ابقا شد"
      }
    ]
  }
