
  {
    "header": "گزارش",
    "links": [
      {
        "img": "/files/fa/news/1398/9/4/5180_477.jpg",
        "link": "/fa/news/1218/جمع‌آوری-هزاران-کامیون-ماسه-از-کانال‌ها-و-مسیل‌های-تهران",
        "title": ""
      },
      {
        "img": "/files/fa/news/1398/9/3/5139_393.jpg",
        "link": "/fa/news/1202/تسهیلات-ویژه-برای-اعضای-برجسته-هیئت-علمی-دانشگاه-تهران",
        "title": ""
      }
    ]
  }