  {
    "header": "رسانه ها",
    "links": [
      {
        "link": "/fa/news/1199/واعظی-مشکل-اینترنت-به-زودی-حل-می‌شود",
        "title": "واعظی: مشکل اینترنت به زودی حل می‌شود",
        "img": "/files/fa/news/1398/9/4/5178_951.jpg"
      },
      {
        "link": "/fa/news/1210/عکس-روز-|-اسب‌سواران-در-سالگرد-انقلاب",
        "title": "عکس روز | اسب‌سواران در سالگرد انقلاب",
        "img": "/files/fa/news/1398/9/3/5155_831.jpg"
      },
      {
        "link": "/fa/news/1186/آخرین-جزئیات-از-توزیع-پانسمان‌-برای-بیماران-پروانه‌ای",
        "title": "آخرین جزئیات از توزیع پانسمان‌ برای بیماران پروانه‌ای",
        "img": "/files/fa/news/1398/9/3/5137_843.jpg"
      }
    ]
  }
