[
  {
    "titr": "احساس تنفر از خود چیست و چگونه می توان از آن رها شد؟",
    "link": "/fa/news/1163/احساس-تنفر-از-خود-چیست-و-چگونه-می-توان-از-آن-رها-شد",
    "date": "15:09 - 1398/08/20"
  },
  {
    "titr": "آشنایی با رایج ترین مشکلات چشم",
    "link": "/fa/news/1156/آشنایی-با-رایج-ترین-مشکلات-چشم",
    "date": "18:02 - 1398/08/19"
  },
  {
    "titr": "رایج ترین روش های جوانسازی پوست کدامند؟",
    "link": "/fa/news/1155/رایج-ترین-روش-های-جوانسازی-پوست-کدامند",
    "date": "01:48 - 1398/08/18"
  },
  {
    "titr": "کف پای صاف چه مشکلاتی ایجاد می کند و چگونه درمان می شود؟",
    "link": "/fa/news/1154/کف-پای-صاف-چه-مشکلاتی-ایجاد-می-کند-و-چگونه-درمان-می-شود",
    "date": "20:54 - 1398/08/14"
  },
  {
    "titr": "آیا کاشت مو موثر است؟ چطور می توان مرکز خوب را از بد تشخیص داد؟",
    "link": "/fa/news/1153/آیا-کاشت-مو-موثر-است-چطور-می-توان-مرکز-خوب-را-از-بد-تشخیص-داد",
    "date": "22:49 - 1398/08/13"
  },
  {
    "titr": "عدم نظارت بر مراکز تولید توتون و تنباکو",
    "link": "/fa/news/1183/عدم-نظارت-بر-مراکز-تولید-توتون-و-تنباکو",
    "date": "18:17 - 1398/08/27"
  },
  {
    "titr": "​​​​​​​آگاهی رسانی به زنان ایرانی برای مبارزه با سرطان پستان",
    "link": "/fa/news/1152/​​​​​​​آگاهی-رسانی-به-زنان-ایرانی-برای-مبارزه-با-سرطان-پستان",
    "date": "20:43 - 1398/08/12"
  },
  {
    "titr": "الزام شرکت های تجهیزات پزشکی به ارائه مستندات خدمات پس از فروش",
    "link": "/fa/news/1059/الزام-شرکت-های-تجهیزات-پزشکی-به-ارائه-مستندات-خدمات-پس-از-فروش",
    "date": "10:34 - 1397/12/08"
  },
  {
    "titr": "تاثیر کمبود ویتامین D در بروز مشکلات سلامت مو",
    "link": "/fa/news/1058/تاثیر-کمبود-ویتامین-d-در-بروز-مشکلات-سلامت-مو",
    "date": "08:57 - 1397/12/08"
  },
  {
    "titr": "بکارگیری تکنولوژی پیشرفته تشخیص تقلبات مواد غذایی",
    "link": "/fa/news/1048/بکارگیری-تکنولوژی-پیشرفته-تشخیص-تقلبات-مواد-غذایی",
    "date": "09:48 - 1397/12/06"
  },
  {
    "titr": "ضرورت تعامل وزارت رفاه با نظام پزشکی/تشکیل سه کمیته ویژه",
    "link": "/fa/news/1062/ضرورت-تعامل-وزارت-رفاه-با-نظام-پزشکیتشکیل-سه-کمیته-ویژه",
    "date": "12:35 - 1397/12/12"
  },
  {
    "titr": "مسایل اقتصادی در پرخاشگری افراد چقدر موثر است؟",
    "link": "/fa/news/1082/مسایل-اقتصادی-در-پرخاشگری-افراد-چقدر-موثر-است",
    "date": "09:27 - 1397/12/18"
  },
  {
    "titr": "۲۰ درصد داروها در کشور بدون نسخه عرضه می شود",
    "link": "/fa/news/1063/۲۰-درصد-داروها-در-کشور-بدون-نسخه-عرضه-می-شود",
    "date": "12:35 - 1397/12/12"
  },
  {
    "titr": "درمان سکته با سلول بنیادی",
    "link": "/fa/news/1089/درمان-سکته-با-سلول-بنیادی",
    "date": "10:13 - 1397/12/13"
  },
  {
    "titr": "آمار ثابت اهدای خون بانوان/ تجمیع آزمایشگاه های انتقال خون",
    "link": "/fa/news/1088/آمار-ثابت-اهدای-خون-بانوان-تجمیع-آزمایشگاه-های-انتقال-خون",
    "date": "16:58 - 1397/12/12"
  },
  {
    "titr": "ارتباط کمردرد و دیابت/ کاهش سرطان روده با مصرف سیر و پیاز",
    "link": "/fa/news/1069/ارتباط-کمردرد-و-دیابت-کاهش-سرطان-روده-با-مصرف-سیر-و-پیاز",
    "date": "12:35 - 1397/12/12"
  },
  {
    "titr": "داروی درمان آرتریت روماتوئید در ایران تولید شد",
    "link": "/fa/news/1038/داروی-درمان-آرتریت-روماتوئید-در-ایران-تولید-شد",
    "date": "12:34 - 1397/12/12"
  },
  {
    "titr": "تاثیر کیفیت خواب بر سلامت قلب و عروق",
    "link": "/fa/news/1036/تاثیر-کیفیت-خواب-بر-سلامت-قلب-و-عروق",
    "date": "12:34 - 1397/12/12"
  },
  {
    "titr": "درمان آلزایمر، دیابت و کلسترول در دست پژوهشگران ایرانی",
    "link": "/fa/news/1035/درمان-آلزایمر-دیابت-و-کلسترول-در-دست-پژوهشگران-ایرانی",
    "date": "12:33 - 1397/12/12"
  }
]