  {
    "header": "اورژانس و هلال احمر",
    "links": [
      {
        "link": "/fa/news/780/هشدار-هلال-احمر-به-سیل-و-آب‌گرفتگی-در-استان‌های-غربی-تخلیه-اضطراری-مناطق-در-معرض-خطر",
        "title": "هشدار هلال احمر به سیل و آب‌گرفتگی در استان‌های غربی/ تخلیه اضطراری مناطق در معرض خطر"
      },
      {
        "link": "/fa/news/727/۴۵۲-حادثه-طی-هفته-گذشته-۱۴۰۰-نفر-مصدوم-بر-جای-گذاشت",
        "title": "۴۵۲ حادثه طی هفته گذشته ۱۴۰۰ نفر مصدوم بر جای گذاشت"
      },
      {
        "link": "/fa/news/680/آموزش-های-امدادی-به-دانش-آموزان-در-مدارس-شتاب-می-گیرد",
        "title": "آموزش های امدادی به دانش آموزان در مدارس شتاب می گیرد"
      },
      {
        "link": "/fa/news/657/ضرب‌وشتم-تکنسین-اورژانس-در-تهران‌-دستور-کولیوند-برای-پیگیری-قضایی",
        "title": "ضرب‌وشتم تکنسین اورژانس در تهران؛‌ دستور کولیوند برای پیگیری قضایی"
      },
      {
        "link": "/fa/news/623/مستمری-مددجویان-بهزیستی-از-درآمد-کودکان-کار-کمتر-است",
        "title": "مستمری مددجویان بهزیستی از درآمد کودکان کار کمتر است"
      }
    ]
  }