  {
    "header": "تجهیزات پزشکی",
    "links": [
      {
        "link": "/fa/news/1147/کنترل-فشارخون",
        "title": "برای کنترل فشارخون به دکتر نیازی نیست!"
      },
      {
        "link": "/fa/news/1059/الزام-شرکت-های-تجهیزات-پزشکی-به-ارائه-مستندات-خدمات-پس-از-فروش",
        "title": "الزام شرکت های تجهیزات پزشکی به ارائه مستندات خدمات پس از فروش"
      },
      {
        "link": "/fa/news/695/وجود-۶۰۰-کارخانه-تجهیزات-پزشکی-در-ایران",
        "title": "وجود ۶۰۰ کارخانه تجهیزات پزشکی در ایران"
      }
    ]
  }
